id,trs_code,ean_barcode,reasons
cprod-truss-trs-8557,TRS-8557,7898625796056,missing_official_image|missing_official_description
cprod-truss-trs-8556,TRS-8556,7898625796049,missing_official_image|missing_official_description
cprod-truss-trs-8402,TRS-8402,7898625795745,missing_official_image|missing_official_description
cprod-truss-trs-8398,TRS-8398,7898625795691,missing_official_image|missing_official_description
cprod-truss-trs-8399,TRS-8399,7898625795707,missing_official_image|missing_official_description
cprod-truss-trs-8397,TRS-8397,7898625795813,missing_official_image|missing_official_description
cprod-truss-trs-8401,TRS-8401,7898625795738,missing_official_image|missing_official_description
cprod-truss-trs-8403,TRS-8403,7898625795752,missing_official_image|missing_official_description
cprod-truss-trs-8408,TRS-8408,7898625795714,missing_official_image|missing_official_description
cprod-truss-trs-189,TRS-189,7898352514121,missing_official_image|missing_official_description
cprod-truss-trs-206,TRS-206,7898947943800,missing_official_image|missing_official_description
cprod-truss-trs-170,TRS-170,7898352514114,missing_official_image|missing_official_description
cprod-truss-trs-198,TRS-198,7898947942582,missing_official_image|missing_official_description
cprod-truss-trs-180,TRS-180,7898947942605,missing_official_image|missing_official_description
cprod-truss-trs-7639,TRS-7639,7898625794717,missing_official_image|missing_official_description
cprod-truss-trs-7640,TRS-7640,7898625794595,missing_official_image|missing_official_description
cprod-truss-trs-7638,TRS-7638,7898625794540,missing_official_image|missing_official_description
cprod-truss-trs-7642,TRS-7642,7898625794618,missing_official_image|missing_official_description
cprod-truss-trs-7641,TRS-7641,7898625794601,missing_official_image|missing_official_description
cprod-truss-trs-275,TRS-275,7898625791006,missing_official_image|missing_official_description
cprod-truss-trs-5228,TRS-5228,7898625791662,missing_official_image|missing_official_description
cprod-truss-trs-5227,TRS-5227,7898625791655,missing_official_image|missing_official_description
cprod-truss-trs-187,TRS-187,7898947943091,missing_official_image|missing_official_description
cprod-truss-trs-168,TRS-168,7898947943084,missing_official_image|missing_official_description
cprod-truss-trs-5536,TRS-5536,7898625791839,missing_official_image|missing_official_description
cprod-truss-trs-5545,TRS-5545,7898625791808,missing_official_image|missing_official_description
cprod-truss-trs-4774,TRS-4774,7898625791532,missing_official_image|missing_official_description
cprod-truss-trs-199,TRS-199,7898947942964,missing_official_image|missing_official_description
cprod-truss-trs-182,TRS-182,7898947942957,missing_official_image|missing_official_description
cprod-truss-trs-5222,TRS-5222,7898625791587,missing_official_image|missing_official_description
cprod-truss-trs-191,TRS-191,7898352517979,missing_official_image|missing_official_description
cprod-truss-trs-204,TRS-204,7898947943794,missing_official_image|missing_official_description
cprod-truss-trs-172,TRS-172,7898352519584,missing_official_image|missing_official_description
cprod-truss-trs-203,TRS-203,7898947943718,missing_official_image|missing_official_description
cprod-truss-trs-211,TRS-211,7898625790771,missing_official_image|missing_official_description
cprod-truss-trs-7112,TRS-7112,7898625792959,missing_official_image|missing_official_description
cprod-truss-trs-240,TRS-240,7898947942711,missing_official_image|missing_official_description
cprod-truss-trs-8522,TRS-8522,7898625795943,missing_official_image|missing_official_description
cprod-truss-trs-8314,TRS-8314,7898625795479,missing_official_image|missing_official_description
cprod-truss-trs-8316,TRS-8316,7898625795455,missing_official_image|missing_official_description
cprod-truss-trs-8531,TRS-8531,7898625795981,missing_official_image|missing_official_description
cprod-truss-trs-8315,TRS-8315,7898625795462,missing_official_image|missing_official_description
cprod-truss-trs-8317,TRS-8317,7898625795448,missing_official_image|missing_official_description
cprod-truss-trs-8311,TRS-8311,7898625795509,missing_official_image|missing_official_description
cprod-truss-trs-8318,TRS-8318,7898625795431,missing_official_image|missing_official_description
cprod-truss-trs-277,TRS-277,7898625791037,missing_official_image|missing_official_description
cprod-truss-trs-220,TRS-220,7898947943763,missing_official_image|missing_official_description
cprod-truss-trs-250,TRS-250,7898947943671,missing_official_image|missing_official_description
cprod-truss-trs-7505,TRS-7505,7898625790399,missing_official_image|missing_official_description
cprod-truss-trs-7506,TRS-7506,7898625790450,missing_official_image|missing_official_description
cprod-truss-trs-7479,TRS-7479,7898625794144,missing_official_image|missing_official_description
cprod-truss-trs-7480,TRS-7480,7898625794120,missing_official_image|missing_official_description
cprod-truss-trs-7481,TRS-7481,7898625794113,missing_official_image|missing_official_description
cprod-truss-trs-7585,TRS-7585,7898625794458,missing_official_image|missing_official_description
cprod-truss-trs-7586,TRS-7586,7898625794465,missing_official_image|missing_official_description
cprod-truss-trs-7587,TRS-7587,7898625794472,missing_official_image|missing_official_description
cprod-truss-trs-7588,TRS-7588,7898625794489,missing_official_image|missing_official_description
cprod-truss-trs-7939,TRS-7939,7898702110423,missing_official_image|missing_official_description
cprod-truss-trs-8223,TRS-8223,7898625795042,missing_official_image|missing_official_description
cprod-truss-trs-8224,TRS-8224,7898625795059,missing_official_image|missing_official_description
cprod-truss-trs-8226,TRS-8226,7898625795080,missing_official_image|missing_official_description
cprod-truss-trs-8230,TRS-8230,7898625795127,missing_official_image|missing_official_description
cprod-truss-trs-8231,TRS-8231,7898625795134,missing_official_image|missing_official_description
cprod-truss-trs-8232,TRS-8232,7898625795141,missing_official_image|missing_official_description
cprod-truss-trs-8238,TRS-8238,7898625795073,missing_official_image|missing_official_description
cprod-truss-trs-7470,TRS-7470,7898625794281,missing_official_image|missing_official_description
cprod-truss-trs-7471,TRS-7471,7898625794311,missing_official_image|missing_official_description
cprod-truss-trs-7472,TRS-7472,7898625794298,missing_official_image|missing_official_description
cprod-truss-trs-7473,TRS-7473,7898625794267,missing_official_image|missing_official_description
cprod-truss-trs-7474,TRS-7474,7898625794359,missing_official_image|missing_official_description
cprod-truss-trs-7475,TRS-7475,7898625794274,missing_official_image|missing_official_description
cprod-truss-trs-7476,TRS-7476,7898625794342,missing_official_image|missing_official_description
cprod-truss-trs-7477,TRS-7477,7898625794304,missing_official_image|missing_official_description
cprod-truss-trs-7478,TRS-7478,7898625794250,missing_official_image|missing_official_description
cprod-truss-trs-7494,TRS-7494,7898625794328,missing_official_image|missing_official_description
cprod-truss-trs-7589,TRS-7589,7898625794519,missing_official_image|missing_official_description
cprod-truss-trs-7941,TRS-7941,7898702110416,missing_official_image|missing_official_description
cprod-truss-trs-8211,TRS-8211,7898625795226,missing_official_image|missing_official_description
cprod-truss-trs-8215,TRS-8215,7898625795219,missing_official_image|missing_official_description
cprod-truss-trs-8217,TRS-8217,7898625795202,missing_official_image|missing_official_description
cprod-truss-trs-8233,TRS-8233,7898625795585,missing_official_image|missing_official_description
cprod-truss-trs-8234,TRS-8234,7898625795158,missing_official_image|missing_official_description
cprod-truss-trs-8235,TRS-8235,7898625795189,missing_official_image|missing_official_description
cprod-truss-trs-8236,TRS-8236,7898625795165,missing_official_image|missing_official_description
cprod-truss-trs-7459,TRS-7459,7898625794199,missing_official_image|missing_official_description
cprod-truss-trs-7482,TRS-7482,7898625794175,missing_official_image|missing_official_description
cprod-truss-trs-7483,TRS-7483,7898625794151,missing_official_image|missing_official_description
cprod-truss-trs-7484,TRS-7484,7898625794168,missing_official_image|missing_official_description
cprod-truss-trs-7485,TRS-7485,7898625794182,missing_official_image|missing_official_description
cprod-truss-trs-7486,TRS-7486,7898625794205,missing_official_image|missing_official_description
cprod-truss-trs-7487,TRS-7487,7898625794236,missing_official_image|missing_official_description
cprod-truss-trs-7488,TRS-7488,7898625794229,missing_official_image|missing_official_description
cprod-truss-trs-7489,TRS-7489,7898625794212,missing_official_image|missing_official_description
cprod-truss-trs-8212,TRS-8212,7898625794977,missing_official_image|missing_official_description
cprod-truss-trs-8213,TRS-8213,7898625794984,missing_official_image|missing_official_description
cprod-truss-trs-8214,TRS-8214,7898625794991,missing_official_image|missing_official_description
cprod-truss-trs-8219,TRS-8219,7898625795004,missing_official_image|missing_official_description
cprod-truss-trs-8220,TRS-8220,7898625795011,missing_official_image|missing_official_description
cprod-truss-trs-8221,TRS-8221,7898625795028,missing_official_image|missing_official_description
cprod-truss-trs-221,TRS-221,7898352517931,missing_official_image|missing_official_description
cprod-truss-trs-7650,TRS-7650,7898625794748,missing_official_image|missing_official_description
cprod-truss-trs-8313,TRS-8313,7898625795486,missing_official_image|missing_official_description